"Year.of.Observation","Cetacean.Common.Name","cnt_all","strand_anom","cnt_HI","mean_HI","strand_anom_HI","MEI","NPGO","PDO","SST_39","SST_44","Upwelling_39","Upwelling_45","Wind_39","Wind_44","MEI_lag1","NPGO_lag1","PDO_lag1","SST_39_lag1","SST_44_lag1","Upwelling_39_lag1","Upwelling_45_lag1","Wind_39_lag1","Wind_44_lag1","MEI_lag2","NPGO_lag2","PDO_lag2","SST_39_lag2","SST_44_lag2","Upwelling_39_lag2","Upwelling_45_lag2","Wind_39_lag2","Wind_44_lag2","MEI_lag3","NPGO_lag3","PDO_lag3","SST_39_lag3","SST_44_lag3","Upwelling_39_lag3","Upwelling_45_lag3","Wind_39_lag3","Wind_44_lag3","SST_39_anom","SST_44_anom","SST_39_anom_lag1","SST_44_anom_lag1","SST_39_anom_lag2","SST_44_anom_lag2","SST_39_anom_lag3","SST_44_anom_lag3","CBA_North","CBA_South","CBA_North_lag1","CBA_South_lag1","CBA_North_lag2","CBA_South_lag2","CBA_North_lag3","CBA_South_lag3","Date","Msquid_N","Herring","Anch","Sard"
2003,"Bairds beaked whale",2,0.75,1,1,0,0.659454545454546,1.30502367272727,1.27,11.769,11.7845454545455,72.9570545454546,-54.0088181818182,-1.34302909090909,0.339561454545455,0.713272727272727,1.30885304909091,1.22909090909091,11.6834545454545,11.6844545454545,66.5858909090909,-55.6203272727273,-1.32102818181818,0.325777636363636,0.792636363636364,1.27334420363636,1.19636363636364,11.8344545454545,11.4767272727273,59.2065454545455,-55.4505545454545,-1.22683090909091,0.415988636363636,0.846090909090909,1.32830828181818,1.10636363636364,11.8984545454545,11.4365454545455,47.0798272727273,-54.1946,-1.20434818181818,0.457706454545455,-0.0135691578181818,-0.0503314274545455,-0.157047491181818,-0.187496716727273,-0.0621919246363636,-0.349240518363636,-0.0736455214545455,-0.390645477,-0.0765486881818182,0.173664602818182,-0.0195206154545455,0.163566412818182,0.0755089809090909,0.144279120090909,0.117410834545455,0.126793405909091,12204.2727272727,0.554979,0.547059,0.208543,0.393889
2003,"Gray whale",5,-3.73333333333333,1,2.4,-1.4,0.659454545454546,1.30502367272727,1.27,11.769,11.7845454545455,72.9570545454546,-54.0088181818182,-1.34302909090909,0.339561454545455,0.713272727272727,1.30885304909091,1.22909090909091,11.6834545454545,11.6844545454545,66.5858909090909,-55.6203272727273,-1.32102818181818,0.325777636363636,0.792636363636364,1.27334420363636,1.19636363636364,11.8344545454545,11.4767272727273,59.2065454545455,-55.4505545454545,-1.22683090909091,0.415988636363636,0.846090909090909,1.32830828181818,1.10636363636364,11.8984545454545,11.4365454545455,47.0798272727273,-54.1946,-1.20434818181818,0.457706454545455,-0.0135691578181818,-0.0503314274545455,-0.157047491181818,-0.187496716727273,-0.0621919246363636,-0.349240518363636,-0.0736455214545455,-0.390645477,-0.0765486881818182,0.173664602818182,-0.0195206154545455,0.163566412818182,0.0755089809090909,0.144279120090909,0.117410834545455,0.126793405909091,12204.2727272727,0.554979,0.547059,0.208543,0.393889
2003,"Harbor porpoise",34,-29.8666666666667,1,12.3571428571429,-11.3571428571429,0.659454545454546,1.30502367272727,1.27,11.769,11.7845454545455,72.9570545454546,-54.0088181818182,-1.34302909090909,0.339561454545455,0.713272727272727,1.30885304909091,1.22909090909091,11.6834545454545,11.6844545454545,66.5858909090909,-55.6203272727273,-1.32102818181818,0.325777636363636,0.792636363636364,1.27334420363636,1.19636363636364,11.8344545454545,11.4767272727273,59.2065454545455,-55.4505545454545,-1.22683090909091,0.415988636363636,0.846090909090909,1.32830828181818,1.10636363636364,11.8984545454545,11.4365454545455,47.0798272727273,-54.1946,-1.20434818181818,0.457706454545455,-0.0135691578181818,-0.0503314274545455,-0.157047491181818,-0.187496716727273,-0.0621919246363636,-0.349240518363636,-0.0736455214545455,-0.390645477,-0.0765486881818182,0.173664602818182,-0.0195206154545455,0.163566412818182,0.0755089809090909,0.144279120090909,0.117410834545455,0.126793405909091,12204.2727272727,0.554979,0.547059,0.208543,0.393889
2003,"Other",1,-0.4,1,1.5,-0.5,0.659454545454546,1.30502367272727,1.27,11.769,11.7845454545455,72.9570545454546,-54.0088181818182,-1.34302909090909,0.339561454545455,0.713272727272727,1.30885304909091,1.22909090909091,11.6834545454545,11.6844545454545,66.5858909090909,-55.6203272727273,-1.32102818181818,0.325777636363636,0.792636363636364,1.27334420363636,1.19636363636364,11.8344545454545,11.4767272727273,59.2065454545455,-55.4505545454545,-1.22683090909091,0.415988636363636,0.846090909090909,1.32830828181818,1.10636363636364,11.8984545454545,11.4365454545455,47.0798272727273,-54.1946,-1.20434818181818,0.457706454545455,-0.0135691578181818,-0.0503314274545455,-0.157047491181818,-0.187496716727273,-0.0621919246363636,-0.349240518363636,-0.0736455214545455,-0.390645477,-0.0765486881818182,0.173664602818182,-0.0195206154545455,0.163566412818182,0.0755089809090909,0.144279120090909,0.117410834545455,0.126793405909091,12204.2727272727,0.554979,0.547059,0.208543,0.393889
2003,"Pacific white-sided dolphin",2,-0.230769230769231,1,1.2,-0.2,0.659454545454546,1.30502367272727,1.27,11.769,11.7845454545455,72.9570545454546,-54.0088181818182,-1.34302909090909,0.339561454545455,0.713272727272727,1.30885304909091,1.22909090909091,11.6834545454545,11.6844545454545,66.5858909090909,-55.6203272727273,-1.32102818181818,0.325777636363636,0.792636363636364,1.27334420363636,1.19636363636364,11.8344545454545,11.4767272727273,59.2065454545455,-55.4505545454545,-1.22683090909091,0.415988636363636,0.846090909090909,1.32830828181818,1.10636363636364,11.8984545454545,11.4365454545455,47.0798272727273,-54.1946,-1.20434818181818,0.457706454545455,-0.0135691578181818,-0.0503314274545455,-0.157047491181818,-0.187496716727273,-0.0621919246363636,-0.349240518363636,-0.0736455214545455,-0.390645477,-0.0765486881818182,0.173664602818182,-0.0195206154545455,0.163566412818182,0.0755089809090909,0.144279120090909,0.117410834545455,0.126793405909091,12204.2727272727,0.554979,0.547059,0.208543,0.393889
2003,"Stejnegers beaked whale",1,-0.5,1,1,0,0.659454545454546,1.30502367272727,1.27,11.769,11.7845454545455,72.9570545454546,-54.0088181818182,-1.34302909090909,0.339561454545455,0.713272727272727,1.30885304909091,1.22909090909091,11.6834545454545,11.6844545454545,66.5858909090909,-55.6203272727273,-1.32102818181818,0.325777636363636,0.792636363636364,1.27334420363636,1.19636363636364,11.8344545454545,11.4767272727273,59.2065454545455,-55.4505545454545,-1.22683090909091,0.415988636363636,0.846090909090909,1.32830828181818,1.10636363636364,11.8984545454545,11.4365454545455,47.0798272727273,-54.1946,-1.20434818181818,0.457706454545455,-0.0135691578181818,-0.0503314274545455,-0.157047491181818,-0.187496716727273,-0.0621919246363636,-0.349240518363636,-0.0736455214545455,-0.390645477,-0.0765486881818182,0.173664602818182,-0.0195206154545455,0.163566412818182,0.0755089809090909,0.144279120090909,0.117410834545455,0.126793405909091,12204.2727272727,0.554979,0.547059,0.208543,0.393889
2004,"Gray whale",6,-2.73333333333333,2,2.4,-0.4,0.407916666666667,0.441217344166667,0.560833333333333,12.0069166666667,12.5985,39.624675,-55.2741,-2.0473,0.170795916666667,0.4,0.4822859275,0.499166666666667,11.99375,12.3080833333333,42.63705,-52.722,-1.8473725,0.158042916666667,0.374083333333333,0.490361319166667,0.501666666666667,11.9571666666667,12.2165833333333,49.5736666666667,-50.2995083333333,-1.87509166666667,0.0978560833333333,0.341,0.55626739,0.545,11.7106666666667,12.1503333333333,64.8459083333333,-49.31795,-1.9607675,0.0278634166666666,0.111584938666667,0.615980282416667,0.098418272,0.32556361575,0.0618349386666667,0.23406361575,-0.184665061333333,0.16781361575,-0.191735914833333,0.192336279833333,-0.178296223166667,0.182197581333333,-0.170946955666667,0.182803329666667,-0.154257422333333,0.1688972375,12585.3333333333,0.306804,0.12362,1.19523,1.42007
2004,"Harbor porpoise",33,-30.8666666666667,5,12.3571428571429,-7.35714285714286,0.407916666666667,0.441217344166667,0.560833333333333,12.0069166666667,12.5985,39.624675,-55.2741,-2.0473,0.170795916666667,0.4,0.4822859275,0.499166666666667,11.99375,12.3080833333333,42.63705,-52.722,-1.8473725,0.158042916666667,0.374083333333333,0.490361319166667,0.501666666666667,11.9571666666667,12.2165833333333,49.5736666666667,-50.2995083333333,-1.87509166666667,0.0978560833333333,0.341,0.55626739,0.545,11.7106666666667,12.1503333333333,64.8459083333333,-49.31795,-1.9607675,0.0278634166666666,0.111584938666667,0.615980282416667,0.098418272,0.32556361575,0.0618349386666667,0.23406361575,-0.184665061333333,0.16781361575,-0.191735914833333,0.192336279833333,-0.178296223166667,0.182197581333333,-0.170946955666667,0.182803329666667,-0.154257422333333,0.1688972375,12585.3333333333,0.306804,0.12362,1.19523,1.42007
2005,"Gray whale",17,8.26666666666667,4,2.4,1.6,0.615416666666667,-1.18003457058333,0.5175,12.2619166666667,12.702,73.7018416666667,-8.24244166666667,-1.797565,-1.16258155555556,0.636833333333333,-1.01744300391667,0.618333333333333,12.2833333333333,13.0381111111111,74.3177416666667,-10.5431666666667,-1.8724075,-1.01917111111111,0.65975,-0.86598865725,0.668333333333333,12.4481666666667,13.2373333333333,69.4454333333333,-13.7280416666667,-1.74631416666667,-0.729042666666667,0.664,-0.692961761416667,0.65,12.56825,13.2655555555556,64.58245,-15.4455916666667,-1.7258225,-0.598966777777778,0.366584938666667,0.126525951555556,0.388001605333333,0.462637062666667,0.552834938666667,0.661859284888889,0.672918272,0.690081507111111,-0.52411161725,0.430603635,-0.585408840583333,0.417625856833333,-0.59383522975,0.4206448385,-0.651454673333333,0.397917060666667,12950.5,0.124197,0.0738636,0.893062,0.237365
2006,"Fin whale",3,1.2,2,1.5,0.5,-0.02675,-0.688805266666667,-0.0166666666666667,12.16075,11.84625,78.6997,-31.125725,-0.38487,1.530882375,-0.0690833333333333,-0.791479533333333,0.0233333333333333,12.241375,11.7385833333333,75.7330583333333,-30.5819416666667,-0.30106875,1.455662375,-0.103,-0.855263366666667,0.0983333333333333,12.1942222222222,11.7835,71.079925,-31.2424,-0.663085555555556,1.52634025,-0.11975,-0.9524217025,0.124166666666667,12.1615,11.9229166666667,68.7515083333333,-31.5284666666667,-0.914035,0.886406333333333,0.13003383,-0.136269717583333,0.21065883,-0.24393638425,0.111534700777778,-0.199019717583333,0.0989942742,-0.0596030509166667,-0.109843799090909,0.0898059012727273,-0.0469013718181818,0.0972139825454545,-0.0314407654545455,0.0526301425454545,-0.0304392502727273,0.0970094352727273,13315.5,0.309274,0.0235695,0.124759,0.208015
2006,"Gray whale",15,6.26666666666667,4,2.4,1.6,-0.02675,-0.688805266666667,-0.0166666666666667,12.16075,11.84625,78.6997,-31.125725,-0.38487,1.530882375,-0.0690833333333333,-0.791479533333333,0.0233333333333333,12.241375,11.7385833333333,75.7330583333333,-30.5819416666667,-0.30106875,1.455662375,-0.103,-0.855263366666667,0.0983333333333333,12.1942222222222,11.7835,71.079925,-31.2424,-0.663085555555556,1.52634025,-0.11975,-0.9524217025,0.124166666666667,12.1615,11.9229166666667,68.7515083333333,-31.5284666666667,-0.914035,0.886406333333333,0.13003383,-0.136269717583333,0.21065883,-0.24393638425,0.111534700777778,-0.199019717583333,0.0989942742,-0.0596030509166667,-0.109843799090909,0.0898059012727273,-0.0469013718181818,0.0972139825454545,-0.0314407654545455,0.0526301425454545,-0.0304392502727273,0.0970094352727273,13315.5,0.309274,0.0235695,0.124759,0.208015
2006,"Harbor porpoise",68,4.13333333333333,7,12.3571428571429,-5.35714285714286,-0.02675,-0.688805266666667,-0.0166666666666667,12.16075,11.84625,78.6997,-31.125725,-0.38487,1.530882375,-0.0690833333333333,-0.791479533333333,0.0233333333333333,12.241375,11.7385833333333,75.7330583333333,-30.5819416666667,-0.30106875,1.455662375,-0.103,-0.855263366666667,0.0983333333333333,12.1942222222222,11.7835,71.079925,-31.2424,-0.663085555555556,1.52634025,-0.11975,-0.9524217025,0.124166666666667,12.1615,11.9229166666667,68.7515083333333,-31.5284666666667,-0.914035,0.886406333333333,0.13003383,-0.136269717583333,0.21065883,-0.24393638425,0.111534700777778,-0.199019717583333,0.0989942742,-0.0596030509166667,-0.109843799090909,0.0898059012727273,-0.0469013718181818,0.0972139825454545,-0.0314407654545455,0.0526301425454545,-0.0304392502727273,0.0970094352727273,13315.5,0.309274,0.0235695,0.124759,0.208015
2006,"Humpback whale",2,-0.923076923076923,1,1.71428571428571,-0.714285714285714,-0.02675,-0.688805266666667,-0.0166666666666667,12.16075,11.84625,78.6997,-31.125725,-0.38487,1.530882375,-0.0690833333333333,-0.791479533333333,0.0233333333333333,12.241375,11.7385833333333,75.7330583333333,-30.5819416666667,-0.30106875,1.455662375,-0.103,-0.855263366666667,0.0983333333333333,12.1942222222222,11.7835,71.079925,-31.2424,-0.663085555555556,1.52634025,-0.11975,-0.9524217025,0.124166666666667,12.1615,11.9229166666667,68.7515083333333,-31.5284666666667,-0.914035,0.886406333333333,0.13003383,-0.136269717583333,0.21065883,-0.24393638425,0.111534700777778,-0.199019717583333,0.0989942742,-0.0596030509166667,-0.109843799090909,0.0898059012727273,-0.0469013718181818,0.0972139825454545,-0.0314407654545455,0.0526301425454545,-0.0304392502727273,0.0970094352727273,13315.5,0.309274,0.0235695,0.124759,0.208015
2006,"Striped dolphin",4,-0.727272727272728,1,1.5,-0.5,-0.02675,-0.688805266666667,-0.0166666666666667,12.16075,11.84625,78.6997,-31.125725,-0.38487,1.530882375,-0.0690833333333333,-0.791479533333333,0.0233333333333333,12.241375,11.7385833333333,75.7330583333333,-30.5819416666667,-0.30106875,1.455662375,-0.103,-0.855263366666667,0.0983333333333333,12.1942222222222,11.7835,71.079925,-31.2424,-0.663085555555556,1.52634025,-0.11975,-0.9524217025,0.124166666666667,12.1615,11.9229166666667,68.7515083333333,-31.5284666666667,-0.914035,0.886406333333333,0.13003383,-0.136269717583333,0.21065883,-0.24393638425,0.111534700777778,-0.199019717583333,0.0989942742,-0.0596030509166667,-0.109843799090909,0.0898059012727273,-0.0469013718181818,0.0972139825454545,-0.0314407654545455,0.0526301425454545,-0.0304392502727273,0.0970094352727273,13315.5,0.309274,0.0235695,0.124759,0.208015
2007,"Dalls porpoise",5,-0.357142857142857,1,1.5,-0.5,0.247333333333333,0.205529971666667,0.0525,11.8123636363636,11.9123333333333,101.720608333333,-20.840175,-2.94760545454545,0.411199583333333,0.414333333333333,0.101191816666667,0.00416666666666667,11.6341818181818,11.93725,107.189208333333,-19.89275,-3.11393090909091,0.3620345,0.514333333333333,-0.0493497916666667,-0.0916666666666667,11.3802,11.7073333333333,112.786541666667,-17.14405,-3.116594,0.16074375,0.595916666666667,-0.193381930833333,-0.1275,11.3802,11.4194166666667,115.924416666667,-14.1302583333333,-3.116594,0.286216727272727,-0.0842828337272727,-0.07018638425,-0.262464651909091,-0.0452697175833333,-0.4562652838,-0.27518638425,-0.4562652838,-0.563103050916667,0.0998096879166667,-0.138460935,0.0579513529166667,-0.0940146386666667,0.04935551875,-0.0159632503333333,0.0743041284166667,-0.0268030651666667,13680.5,0.0719958,0.161659,0.285407,0.0882064
2007,"Gray whale",8,-0.733333333333333,2,2.4,-0.4,0.247333333333333,0.205529971666667,0.0525,11.8123636363636,11.9123333333333,101.720608333333,-20.840175,-2.94760545454545,0.411199583333333,0.414333333333333,0.101191816666667,0.00416666666666667,11.6341818181818,11.93725,107.189208333333,-19.89275,-3.11393090909091,0.3620345,0.514333333333333,-0.0493497916666667,-0.0916666666666667,11.3802,11.7073333333333,112.786541666667,-17.14405,-3.116594,0.16074375,0.595916666666667,-0.193381930833333,-0.1275,11.3802,11.4194166666667,115.924416666667,-14.1302583333333,-3.116594,0.286216727272727,-0.0842828337272727,-0.07018638425,-0.262464651909091,-0.0452697175833333,-0.4562652838,-0.27518638425,-0.4562652838,-0.563103050916667,0.0998096879166667,-0.138460935,0.0579513529166667,-0.0940146386666667,0.04935551875,-0.0159632503333333,0.0743041284166667,-0.0268030651666667,13680.5,0.0719958,0.161659,0.285407,0.0882064
2007,"Harbor porpoise",52,-11.8666666666667,8,12.3571428571429,-4.35714285714286,0.247333333333333,0.205529971666667,0.0525,11.8123636363636,11.9123333333333,101.720608333333,-20.840175,-2.94760545454545,0.411199583333333,0.414333333333333,0.101191816666667,0.00416666666666667,11.6341818181818,11.93725,107.189208333333,-19.89275,-3.11393090909091,0.3620345,0.514333333333333,-0.0493497916666667,-0.0916666666666667,11.3802,11.7073333333333,112.786541666667,-17.14405,-3.116594,0.16074375,0.595916666666667,-0.193381930833333,-0.1275,11.3802,11.4194166666667,115.924416666667,-14.1302583333333,-3.116594,0.286216727272727,-0.0842828337272727,-0.07018638425,-0.262464651909091,-0.0452697175833333,-0.4562652838,-0.27518638425,-0.4562652838,-0.563103050916667,0.0998096879166667,-0.138460935,0.0579513529166667,-0.0940146386666667,0.04935551875,-0.0159632503333333,0.0743041284166667,-0.0268030651666667,13680.5,0.0719958,0.161659,0.285407,0.0882064
2007,"Humpback whale",2,-0.923076923076923,1,1.71428571428571,-0.714285714285714,0.247333333333333,0.205529971666667,0.0525,11.8123636363636,11.9123333333333,101.720608333333,-20.840175,-2.94760545454545,0.411199583333333,0.414333333333333,0.101191816666667,0.00416666666666667,11.6341818181818,11.93725,107.189208333333,-19.89275,-3.11393090909091,0.3620345,0.514333333333333,-0.0493497916666667,-0.0916666666666667,11.3802,11.7073333333333,112.786541666667,-17.14405,-3.116594,0.16074375,0.595916666666667,-0.193381930833333,-0.1275,11.3802,11.4194166666667,115.924416666667,-14.1302583333333,-3.116594,0.286216727272727,-0.0842828337272727,-0.07018638425,-0.262464651909091,-0.0452697175833333,-0.4562652838,-0.27518638425,-0.4562652838,-0.563103050916667,0.0998096879166667,-0.138460935,0.0579513529166667,-0.0940146386666667,0.04935551875,-0.0159632503333333,0.0743041284166667,-0.0268030651666667,13680.5,0.0719958,0.161659,0.285407,0.0882064
2007,"Killer whale",1,-0.444444444444444,1,1,0,0.247333333333333,0.205529971666667,0.0525,11.8123636363636,11.9123333333333,101.720608333333,-20.840175,-2.94760545454545,0.411199583333333,0.414333333333333,0.101191816666667,0.00416666666666667,11.6341818181818,11.93725,107.189208333333,-19.89275,-3.11393090909091,0.3620345,0.514333333333333,-0.0493497916666667,-0.0916666666666667,11.3802,11.7073333333333,112.786541666667,-17.14405,-3.116594,0.16074375,0.595916666666667,-0.193381930833333,-0.1275,11.3802,11.4194166666667,115.924416666667,-14.1302583333333,-3.116594,0.286216727272727,-0.0842828337272727,-0.07018638425,-0.262464651909091,-0.0452697175833333,-0.4562652838,-0.27518638425,-0.4562652838,-0.563103050916667,0.0998096879166667,-0.138460935,0.0579513529166667,-0.0940146386666667,0.04935551875,-0.0159632503333333,0.0743041284166667,-0.0268030651666667,13680.5,0.0719958,0.161659,0.285407,0.0882064
2007,"Sperm whale",2,0.583333333333333,1,1.25,-0.25,0.247333333333333,0.205529971666667,0.0525,11.8123636363636,11.9123333333333,101.720608333333,-20.840175,-2.94760545454545,0.411199583333333,0.414333333333333,0.101191816666667,0.00416666666666667,11.6341818181818,11.93725,107.189208333333,-19.89275,-3.11393090909091,0.3620345,0.514333333333333,-0.0493497916666667,-0.0916666666666667,11.3802,11.7073333333333,112.786541666667,-17.14405,-3.116594,0.16074375,0.595916666666667,-0.193381930833333,-0.1275,11.3802,11.4194166666667,115.924416666667,-14.1302583333333,-3.116594,0.286216727272727,-0.0842828337272727,-0.07018638425,-0.262464651909091,-0.0452697175833333,-0.4562652838,-0.27518638425,-0.4562652838,-0.563103050916667,0.0998096879166667,-0.138460935,0.0579513529166667,-0.0940146386666667,0.04935551875,-0.0159632503333333,0.0743041284166667,-0.0268030651666667,13680.5,0.0719958,0.161659,0.285407,0.0882064
2008,"Gray whale",4,-4.73333333333333,1,2.4,-1.4,-0.78375,1.31048072,-1.22833333333333,10.9035833333333,11.5101111111111,111.720275,-17.445975,-3.26478,-1.16949555555556,-0.83625,1.20060471666667,-1.12916666666667,10.95375,11.6308888888889,110.561975,-18.4699333333333,-3.27779,-1.05233611111111,-0.850833333333333,1.14202271666667,-0.945833333333333,11.1606666666667,11.6238888888889,105.320733333333,-17.3699583333333,-3.12803083333333,-1.15253811111111,-0.879333333333333,1.12553083333333,-0.741666666666667,11.1206363636364,12.1536666666667,103.744191666667,-19.096425,-2.98640727272727,-0.914634222222222,-0.991748394666667,-0.960351826222222,-0.941581728,-0.839574048444444,-0.734665061333333,-0.846574048444444,-0.776010106454545,-0.316796270666667,0.299673320909091,-0.202145312727273,0.311418775454545,-0.262091778181818,0.282743019090909,-0.284708443636364,0.225884688181818,-0.266679908363636,14046.3333333333,0.0419517,0.200486,0.126399,0.057719
2008,"Harbor porpoise",53,-10.8666666666667,4,12.3571428571429,-8.35714285714286,-0.78375,1.31048072,-1.22833333333333,10.9035833333333,11.5101111111111,111.720275,-17.445975,-3.26478,-1.16949555555556,-0.83625,1.20060471666667,-1.12916666666667,10.95375,11.6308888888889,110.561975,-18.4699333333333,-3.27779,-1.05233611111111,-0.850833333333333,1.14202271666667,-0.945833333333333,11.1606666666667,11.6238888888889,105.320733333333,-17.3699583333333,-3.12803083333333,-1.15253811111111,-0.879333333333333,1.12553083333333,-0.741666666666667,11.1206363636364,12.1536666666667,103.744191666667,-19.096425,-2.98640727272727,-0.914634222222222,-0.991748394666667,-0.960351826222222,-0.941581728,-0.839574048444444,-0.734665061333333,-0.846574048444444,-0.776010106454545,-0.316796270666667,0.299673320909091,-0.202145312727273,0.311418775454545,-0.262091778181818,0.282743019090909,-0.284708443636364,0.225884688181818,-0.266679908363636,14046.3333333333,0.0419517,0.200486,0.126399,0.057719
2008,"Humpback whale",4,1.07692307692308,3,1.71428571428571,1.28571428571429,-0.78375,1.31048072,-1.22833333333333,10.9035833333333,11.5101111111111,111.720275,-17.445975,-3.26478,-1.16949555555556,-0.83625,1.20060471666667,-1.12916666666667,10.95375,11.6308888888889,110.561975,-18.4699333333333,-3.27779,-1.05233611111111,-0.850833333333333,1.14202271666667,-0.945833333333333,11.1606666666667,11.6238888888889,105.320733333333,-17.3699583333333,-3.12803083333333,-1.15253811111111,-0.879333333333333,1.12553083333333,-0.741666666666667,11.1206363636364,12.1536666666667,103.744191666667,-19.096425,-2.98640727272727,-0.914634222222222,-0.991748394666667,-0.960351826222222,-0.941581728,-0.839574048444444,-0.734665061333333,-0.846574048444444,-0.776010106454545,-0.316796270666667,0.299673320909091,-0.202145312727273,0.311418775454545,-0.262091778181818,0.282743019090909,-0.284708443636364,0.225884688181818,-0.266679908363636,14046.3333333333,0.0419517,0.200486,0.126399,0.057719
2008,"Sperm whale",3,1.58333333333333,1,1.25,-0.25,-0.78375,1.31048072,-1.22833333333333,10.9035833333333,11.5101111111111,111.720275,-17.445975,-3.26478,-1.16949555555556,-0.83625,1.20060471666667,-1.12916666666667,10.95375,11.6308888888889,110.561975,-18.4699333333333,-3.27779,-1.05233611111111,-0.850833333333333,1.14202271666667,-0.945833333333333,11.1606666666667,11.6238888888889,105.320733333333,-17.3699583333333,-3.12803083333333,-1.15253811111111,-0.879333333333333,1.12553083333333,-0.741666666666667,11.1206363636364,12.1536666666667,103.744191666667,-19.096425,-2.98640727272727,-0.914634222222222,-0.991748394666667,-0.960351826222222,-0.941581728,-0.839574048444444,-0.734665061333333,-0.846574048444444,-0.776010106454545,-0.316796270666667,0.299673320909091,-0.202145312727273,0.311418775454545,-0.262091778181818,0.282743019090909,-0.284708443636364,0.225884688181818,-0.266679908363636,14046.3333333333,0.0419517,0.200486,0.126399,0.057719
2009,"Fin whale",2,0.2,1,1.5,-0.5,-0.0104166666666667,0.813274525833333,-0.931666666666667,11.2739166666667,11.5266666666667,97.2695666666667,-9.25570833333333,-3.28640833333333,-0.382091166666667,-0.117583333333333,0.917071213333333,-1.10416666666667,11.2389166666667,11.284,97.4158916666667,-6.76353333333333,-3.13795833333333,-0.553193333333333,-0.228666666666667,1.035805755,-1.25333333333333,11.17625,11.3448333333333,101.547125,-7.40271666666667,-3.1972775,-0.523813166666667,-0.310416666666667,1.10801629666667,-1.34833333333333,11.2191666666667,11.3060833333333,103.269608333333,-6.92434166666667,-3.20957583333333,-0.549752,-0.621415061333333,-0.455853050916667,-0.656415061333333,-0.698519717583333,-0.719081728,-0.63768638425,-0.676165061333333,-0.67643638425,0.180312469666667,-0.236072285,0.173045803,-0.215581080833333,0.194434691333333,-0.198300524166667,0.2487103855,-0.19049196,14411.5,0.00938998,0.138635,0.329128,0.287237
2009,"Gray whale",10,1.26666666666667,2,2.4,-0.4,-0.0104166666666667,0.813274525833333,-0.931666666666667,11.2739166666667,11.5266666666667,97.2695666666667,-9.25570833333333,-3.28640833333333,-0.382091166666667,-0.117583333333333,0.917071213333333,-1.10416666666667,11.2389166666667,11.284,97.4158916666667,-6.76353333333333,-3.13795833333333,-0.553193333333333,-0.228666666666667,1.035805755,-1.25333333333333,11.17625,11.3448333333333,101.547125,-7.40271666666667,-3.1972775,-0.523813166666667,-0.310416666666667,1.10801629666667,-1.34833333333333,11.2191666666667,11.3060833333333,103.269608333333,-6.92434166666667,-3.20957583333333,-0.549752,-0.621415061333333,-0.455853050916667,-0.656415061333333,-0.698519717583333,-0.719081728,-0.63768638425,-0.676165061333333,-0.67643638425,0.180312469666667,-0.236072285,0.173045803,-0.215581080833333,0.194434691333333,-0.198300524166667,0.2487103855,-0.19049196,14411.5,0.00938998,0.138635,0.329128,0.287237
2009,"Harbor porpoise",71,7.13333333333333,13,12.3571428571429,0.642857142857142,-0.0104166666666667,0.813274525833333,-0.931666666666667,11.2739166666667,11.5266666666667,97.2695666666667,-9.25570833333333,-3.28640833333333,-0.382091166666667,-0.117583333333333,0.917071213333333,-1.10416666666667,11.2389166666667,11.284,97.4158916666667,-6.76353333333333,-3.13795833333333,-0.553193333333333,-0.228666666666667,1.035805755,-1.25333333333333,11.17625,11.3448333333333,101.547125,-7.40271666666667,-3.1972775,-0.523813166666667,-0.310416666666667,1.10801629666667,-1.34833333333333,11.2191666666667,11.3060833333333,103.269608333333,-6.92434166666667,-3.20957583333333,-0.549752,-0.621415061333333,-0.455853050916667,-0.656415061333333,-0.698519717583333,-0.719081728,-0.63768638425,-0.676165061333333,-0.67643638425,0.180312469666667,-0.236072285,0.173045803,-0.215581080833333,0.194434691333333,-0.198300524166667,0.2487103855,-0.19049196,14411.5,0.00938998,0.138635,0.329128,0.287237
2009,"Unidentified",3,-1.2,1,1,0,-0.0104166666666667,0.813274525833333,-0.931666666666667,11.2739166666667,11.5266666666667,97.2695666666667,-9.25570833333333,-3.28640833333333,-0.382091166666667,-0.117583333333333,0.917071213333333,-1.10416666666667,11.2389166666667,11.284,97.4158916666667,-6.76353333333333,-3.13795833333333,-0.553193333333333,-0.228666666666667,1.035805755,-1.25333333333333,11.17625,11.3448333333333,101.547125,-7.40271666666667,-3.1972775,-0.523813166666667,-0.310416666666667,1.10801629666667,-1.34833333333333,11.2191666666667,11.3060833333333,103.269608333333,-6.92434166666667,-3.20957583333333,-0.549752,-0.621415061333333,-0.455853050916667,-0.656415061333333,-0.698519717583333,-0.719081728,-0.63768638425,-0.676165061333333,-0.67643638425,0.180312469666667,-0.236072285,0.173045803,-0.215581080833333,0.194434691333333,-0.198300524166667,0.2487103855,-0.19049196,14411.5,0.00938998,0.138635,0.329128,0.287237
2010,"Gray whale",11,2.26666666666667,4,2.4,1.6,0.501727272727273,1.39297819090909,0.0818181818181818,11.3217272727273,11.7967272727273,63.3404818181818,-56.7141727272727,-1.91304181818182,0.820329363636364,0.721545454545454,1.38419621363636,0.244545454545455,11.5377272727273,12.0007272727273,58.6605454545455,-59.2744727272727,-1.84283545454545,1.032418,0.923636363636364,1.34533315,0.348181818181818,11.675,12.1334545454545,52.9824,-62.5682,-1.97148909090909,1.36437,1.04727272727273,1.28386358636364,0.32,11.7551818181818,11.9880909090909,40.8418818181818,-60.0077909090909,-1.77204272727273,1.39236036363636,-0.460841885090909,-0.0381496092727273,-0.302774763909091,0.128776010545455,-0.221646470090909,0.307486754363636,-0.216918248727273,0.160899977545455,-0.00877162169999999,0.1940774525,0.00774574860000001,0.2065844475,-0.0439267054,0.1664558805,-0.0954402584,0.138542544,14761.2727272727,0.133465,0.115225,0.328019,0.0955842
2010,"Harbor porpoise",58,-5.86666666666667,9,12.3571428571429,-3.35714285714286,0.501727272727273,1.39297819090909,0.0818181818181818,11.3217272727273,11.7967272727273,63.3404818181818,-56.7141727272727,-1.91304181818182,0.820329363636364,0.721545454545454,1.38419621363636,0.244545454545455,11.5377272727273,12.0007272727273,58.6605454545455,-59.2744727272727,-1.84283545454545,1.032418,0.923636363636364,1.34533315,0.348181818181818,11.675,12.1334545454545,52.9824,-62.5682,-1.97148909090909,1.36437,1.04727272727273,1.28386358636364,0.32,11.7551818181818,11.9880909090909,40.8418818181818,-60.0077909090909,-1.77204272727273,1.39236036363636,-0.460841885090909,-0.0381496092727273,-0.302774763909091,0.128776010545455,-0.221646470090909,0.307486754363636,-0.216918248727273,0.160899977545455,-0.00877162169999999,0.1940774525,0.00774574860000001,0.2065844475,-0.0439267054,0.1664558805,-0.0954402584,0.138542544,14761.2727272727,0.133465,0.115225,0.328019,0.0955842
2010,"Humpback whale",6,3.07692307692308,1,1.71428571428571,-0.714285714285714,0.501727272727273,1.39297819090909,0.0818181818181818,11.3217272727273,11.7967272727273,63.3404818181818,-56.7141727272727,-1.91304181818182,0.820329363636364,0.721545454545454,1.38419621363636,0.244545454545455,11.5377272727273,12.0007272727273,58.6605454545455,-59.2744727272727,-1.84283545454545,1.032418,0.923636363636364,1.34533315,0.348181818181818,11.675,12.1334545454545,52.9824,-62.5682,-1.97148909090909,1.36437,1.04727272727273,1.28386358636364,0.32,11.7551818181818,11.9880909090909,40.8418818181818,-60.0077909090909,-1.77204272727273,1.39236036363636,-0.460841885090909,-0.0381496092727273,-0.302774763909091,0.128776010545455,-0.221646470090909,0.307486754363636,-0.216918248727273,0.160899977545455,-0.00877162169999999,0.1940774525,0.00774574860000001,0.2065844475,-0.0439267054,0.1664558805,-0.0954402584,0.138542544,14761.2727272727,0.133465,0.115225,0.328019,0.0955842
2010,"Other",3,1.6,2,1.5,0.5,0.501727272727273,1.39297819090909,0.0818181818181818,11.3217272727273,11.7967272727273,63.3404818181818,-56.7141727272727,-1.91304181818182,0.820329363636364,0.721545454545454,1.38419621363636,0.244545454545455,11.5377272727273,12.0007272727273,58.6605454545455,-59.2744727272727,-1.84283545454545,1.032418,0.923636363636364,1.34533315,0.348181818181818,11.675,12.1334545454545,52.9824,-62.5682,-1.97148909090909,1.36437,1.04727272727273,1.28386358636364,0.32,11.7551818181818,11.9880909090909,40.8418818181818,-60.0077909090909,-1.77204272727273,1.39236036363636,-0.460841885090909,-0.0381496092727273,-0.302774763909091,0.128776010545455,-0.221646470090909,0.307486754363636,-0.216918248727273,0.160899977545455,-0.00877162169999999,0.1940774525,0.00774574860000001,0.2065844475,-0.0439267054,0.1664558805,-0.0954402584,0.138542544,14761.2727272727,0.133465,0.115225,0.328019,0.0955842
2011,"Gray whale",7,-1.73333333333333,1,2.4,-1.4,-1.08475,0.995742895,-1.03333333333333,11.891375,12.1541428571429,88.3454666666667,-47.7748166666667,-2.461924,0.916508909090909,-1.17633333333333,0.968667578333333,-1.01833333333333,11.886125,12.4091428571429,87.587225,-47.485575,-2.601174,0.963085181818182,-1.27333333333333,0.972222586666667,-0.979166666666667,11.803625,12.4315714285714,84.0631083333333,-47.7385333333333,-2.544588,0.958656090909091,-1.35066666666667,0.981381803333333,-0.911666666666667,11.438125,12.1054285714286,82.0264916666667,-45.8584166666667,-2.843338,0.663169818181818,-0.4119186155,-0.247681135714286,-0.4171686155,0.00731886428571428,-0.4996686155,0.0297474357142857,-0.8651686155,-0.296395421428571,0.479083943583333,-0.103256760166667,0.40786589025,-0.110296112416667,0.387268081666667,-0.11687370075,0.424518737916667,-0.11773415575,15141.5,0.234891,0.0312171,0.194404,0.202989
2011,"Harbor porpoise",92,28.1333333333333,20,12.3571428571429,7.64285714285714,-1.08475,0.995742895,-1.03333333333333,11.891375,12.1541428571429,88.3454666666667,-47.7748166666667,-2.461924,0.916508909090909,-1.17633333333333,0.968667578333333,-1.01833333333333,11.886125,12.4091428571429,87.587225,-47.485575,-2.601174,0.963085181818182,-1.27333333333333,0.972222586666667,-0.979166666666667,11.803625,12.4315714285714,84.0631083333333,-47.7385333333333,-2.544588,0.958656090909091,-1.35066666666667,0.981381803333333,-0.911666666666667,11.438125,12.1054285714286,82.0264916666667,-45.8584166666667,-2.843338,0.663169818181818,-0.4119186155,-0.247681135714286,-0.4171686155,0.00731886428571428,-0.4996686155,0.0297474357142857,-0.8651686155,-0.296395421428571,0.479083943583333,-0.103256760166667,0.40786589025,-0.110296112416667,0.387268081666667,-0.11687370075,0.424518737916667,-0.11773415575,15141.5,0.234891,0.0312171,0.194404,0.202989
2011,"Pacific white-sided dolphin",2,-0.230769230769231,1,1.2,-0.2,-1.08475,0.995742895,-1.03333333333333,11.891375,12.1541428571429,88.3454666666667,-47.7748166666667,-2.461924,0.916508909090909,-1.17633333333333,0.968667578333333,-1.01833333333333,11.886125,12.4091428571429,87.587225,-47.485575,-2.601174,0.963085181818182,-1.27333333333333,0.972222586666667,-0.979166666666667,11.803625,12.4315714285714,84.0631083333333,-47.7385333333333,-2.544588,0.958656090909091,-1.35066666666667,0.981381803333333,-0.911666666666667,11.438125,12.1054285714286,82.0264916666667,-45.8584166666667,-2.843338,0.663169818181818,-0.4119186155,-0.247681135714286,-0.4171686155,0.00731886428571428,-0.4996686155,0.0297474357142857,-0.8651686155,-0.296395421428571,0.479083943583333,-0.103256760166667,0.40786589025,-0.110296112416667,0.387268081666667,-0.11687370075,0.424518737916667,-0.11773415575,15141.5,0.234891,0.0312171,0.194404,0.202989
2011,"Striped dolphin",1,-3.72727272727273,1,1.5,-0.5,-1.08475,0.995742895,-1.03333333333333,11.891375,12.1541428571429,88.3454666666667,-47.7748166666667,-2.461924,0.916508909090909,-1.17633333333333,0.968667578333333,-1.01833333333333,11.886125,12.4091428571429,87.587225,-47.485575,-2.601174,0.963085181818182,-1.27333333333333,0.972222586666667,-0.979166666666667,11.803625,12.4315714285714,84.0631083333333,-47.7385333333333,-2.544588,0.958656090909091,-1.35066666666667,0.981381803333333,-0.911666666666667,11.438125,12.1054285714286,82.0264916666667,-45.8584166666667,-2.843338,0.663169818181818,-0.4119186155,-0.247681135714286,-0.4171686155,0.00731886428571428,-0.4996686155,0.0297474357142857,-0.8651686155,-0.296395421428571,0.479083943583333,-0.103256760166667,0.40786589025,-0.110296112416667,0.387268081666667,-0.11687370075,0.424518737916667,-0.11773415575,15141.5,0.234891,0.0312171,0.194404,0.202989
2012,"Gray whale",3,-5.73333333333333,1,2.4,-1.4,-0.0924166666666667,1.24698402333333,-1.4,11.10725,11.6580833333333,124.178658333333,-30.3531333333333,-3.06113833333333,0.425472571428571,-0.18475,1.24439302333333,-1.365,11.0985833333333,11.6395,120.35675,-35.5475166666667,-3.0122375,0.783706714285714,-0.279583333333333,1.18653664833333,-1.34916666666667,11.1260833333333,11.6016666666667,116.955191666667,-36.9470416666667,-3.10123833333333,0.612231857142857,-0.390083333333333,1.11786954,-1.3775,11.3569166666667,11.5601666666667,110.227408333333,-37.8373083333333,-2.75122166666667,0.247860125,-0.788081728,-0.32443638425,-0.796748394666667,-0.343019717583333,-0.769248394666667,-0.380853050916667,-0.538415061333333,-0.422353050916667,0.285947192916667,-0.0342670381666667,0.357766634583333,-0.05146333425,0.39429163375,-0.07833092675,0.422093021666667,-0.0910397234166667,15507.3333333333,0.263308,0.0227416,0.150633,0.0521102
2012,"Harbor porpoise",118,54.1333333333333,25,12.3571428571429,12.6428571428571,-0.0924166666666667,1.24698402333333,-1.4,11.10725,11.6580833333333,124.178658333333,-30.3531333333333,-3.06113833333333,0.425472571428571,-0.18475,1.24439302333333,-1.365,11.0985833333333,11.6395,120.35675,-35.5475166666667,-3.0122375,0.783706714285714,-0.279583333333333,1.18653664833333,-1.34916666666667,11.1260833333333,11.6016666666667,116.955191666667,-36.9470416666667,-3.10123833333333,0.612231857142857,-0.390083333333333,1.11786954,-1.3775,11.3569166666667,11.5601666666667,110.227408333333,-37.8373083333333,-2.75122166666667,0.247860125,-0.788081728,-0.32443638425,-0.796748394666667,-0.343019717583333,-0.769248394666667,-0.380853050916667,-0.538415061333333,-0.422353050916667,0.285947192916667,-0.0342670381666667,0.357766634583333,-0.05146333425,0.39429163375,-0.07833092675,0.422093021666667,-0.0910397234166667,15507.3333333333,0.263308,0.0227416,0.150633,0.0521102
2012,"Sperm whale",2,0.583333333333333,1,1.25,-0.25,-0.0924166666666667,1.24698402333333,-1.4,11.10725,11.6580833333333,124.178658333333,-30.3531333333333,-3.06113833333333,0.425472571428571,-0.18475,1.24439302333333,-1.365,11.0985833333333,11.6395,120.35675,-35.5475166666667,-3.0122375,0.783706714285714,-0.279583333333333,1.18653664833333,-1.34916666666667,11.1260833333333,11.6016666666667,116.955191666667,-36.9470416666667,-3.10123833333333,0.612231857142857,-0.390083333333333,1.11786954,-1.3775,11.3569166666667,11.5601666666667,110.227408333333,-37.8373083333333,-2.75122166666667,0.247860125,-0.788081728,-0.32443638425,-0.796748394666667,-0.343019717583333,-0.769248394666667,-0.380853050916667,-0.538415061333333,-0.422353050916667,0.285947192916667,-0.0342670381666667,0.357766634583333,-0.05146333425,0.39429163375,-0.07833092675,0.422093021666667,-0.0910397234166667,15507.3333333333,0.263308,0.0227416,0.150633,0.0521102
2013,"Fin whale",2,0.2,2,1.5,0.5,-0.0643333333333333,0.916882565833333,-0.556666666666667,11.8341666666667,11.7055,117.624041666667,-26.4748083333333,-3.05187583333333,0.413270583333333,-0.025,0.997744590833333,-0.700833333333333,11.6861666666667,11.4006666666667,124.269341666667,-19.254325,-3.09991666666667,0.07760475,0.0665833333333333,1.09519292416667,-0.775,11.5316666666667,11.38725,134.71165,-16.4530916666667,-3.24399083333333,-0.00693833333333329,0.187666666666667,1.21253058416667,-0.7975,11.5095833333333,11.6819166666667,135.7488,-19.4346166666667,-3.3963275,0.553464636363636,-0.0611650613333333,-0.277019717583333,-0.209165061333333,-0.581853050916667,-0.363665061333333,-0.595269717583333,-0.385748394666667,-0.300603050916667,0.273590006833333,-0.14551156,0.264090006833333,-0.0738319316666667,0.261370562666667,-0.0717837833333333,0.214480286,-0.0349222083333333,15872.5,0.168133,0.156574,0.119698,0.0544134
2013,"Gray whale",8,-0.733333333333333,3,2.4,0.6,-0.0643333333333333,0.916882565833333,-0.556666666666667,11.8341666666667,11.7055,117.624041666667,-26.4748083333333,-3.05187583333333,0.413270583333333,-0.025,0.997744590833333,-0.700833333333333,11.6861666666667,11.4006666666667,124.269341666667,-19.254325,-3.09991666666667,0.07760475,0.0665833333333333,1.09519292416667,-0.775,11.5316666666667,11.38725,134.71165,-16.4530916666667,-3.24399083333333,-0.00693833333333329,0.187666666666667,1.21253058416667,-0.7975,11.5095833333333,11.6819166666667,135.7488,-19.4346166666667,-3.3963275,0.553464636363636,-0.0611650613333333,-0.277019717583333,-0.209165061333333,-0.581853050916667,-0.363665061333333,-0.595269717583333,-0.385748394666667,-0.300603050916667,0.273590006833333,-0.14551156,0.264090006833333,-0.0738319316666667,0.261370562666667,-0.0717837833333333,0.214480286,-0.0349222083333333,15872.5,0.168133,0.156574,0.119698,0.0544134
2013,"Harbor porpoise",55,-8.86666666666667,14,12.3571428571429,1.64285714285714,-0.0643333333333333,0.916882565833333,-0.556666666666667,11.8341666666667,11.7055,117.624041666667,-26.4748083333333,-3.05187583333333,0.413270583333333,-0.025,0.997744590833333,-0.700833333333333,11.6861666666667,11.4006666666667,124.269341666667,-19.254325,-3.09991666666667,0.07760475,0.0665833333333333,1.09519292416667,-0.775,11.5316666666667,11.38725,134.71165,-16.4530916666667,-3.24399083333333,-0.00693833333333329,0.187666666666667,1.21253058416667,-0.7975,11.5095833333333,11.6819166666667,135.7488,-19.4346166666667,-3.3963275,0.553464636363636,-0.0611650613333333,-0.277019717583333,-0.209165061333333,-0.581853050916667,-0.363665061333333,-0.595269717583333,-0.385748394666667,-0.300603050916667,0.273590006833333,-0.14551156,0.264090006833333,-0.0738319316666667,0.261370562666667,-0.0717837833333333,0.214480286,-0.0349222083333333,15872.5,0.168133,0.156574,0.119698,0.0544134
2013,"Rissos",4,1.66666666666667,1,1,0,-0.0643333333333333,0.916882565833333,-0.556666666666667,11.8341666666667,11.7055,117.624041666667,-26.4748083333333,-3.05187583333333,0.413270583333333,-0.025,0.997744590833333,-0.700833333333333,11.6861666666667,11.4006666666667,124.269341666667,-19.254325,-3.09991666666667,0.07760475,0.0665833333333333,1.09519292416667,-0.775,11.5316666666667,11.38725,134.71165,-16.4530916666667,-3.24399083333333,-0.00693833333333329,0.187666666666667,1.21253058416667,-0.7975,11.5095833333333,11.6819166666667,135.7488,-19.4346166666667,-3.3963275,0.553464636363636,-0.0611650613333333,-0.277019717583333,-0.209165061333333,-0.581853050916667,-0.363665061333333,-0.595269717583333,-0.385748394666667,-0.300603050916667,0.273590006833333,-0.14551156,0.264090006833333,-0.0738319316666667,0.261370562666667,-0.0717837833333333,0.214480286,-0.0349222083333333,15872.5,0.168133,0.156574,0.119698,0.0544134
2013,"Unidentified",2,-2.2,1,1,0,-0.0643333333333333,0.916882565833333,-0.556666666666667,11.8341666666667,11.7055,117.624041666667,-26.4748083333333,-3.05187583333333,0.413270583333333,-0.025,0.997744590833333,-0.700833333333333,11.6861666666667,11.4006666666667,124.269341666667,-19.254325,-3.09991666666667,0.07760475,0.0665833333333333,1.09519292416667,-0.775,11.5316666666667,11.38725,134.71165,-16.4530916666667,-3.24399083333333,-0.00693833333333329,0.187666666666667,1.21253058416667,-0.7975,11.5095833333333,11.6819166666667,135.7488,-19.4346166666667,-3.3963275,0.553464636363636,-0.0611650613333333,-0.277019717583333,-0.209165061333333,-0.581853050916667,-0.363665061333333,-0.595269717583333,-0.385748394666667,-0.300603050916667,0.273590006833333,-0.14551156,0.264090006833333,-0.0738319316666667,0.261370562666667,-0.0717837833333333,0.214480286,-0.0349222083333333,15872.5,0.168133,0.156574,0.119698,0.0544134
2014,"Dalls porpoise",6,0.642857142857143,2,1.5,0.5,0.330833333333333,-0.482256466666667,0.538333333333333,12.22625,11.8208333333333,128.963783333333,-9.69774166666667,-2.9754375,-0.636951,0.271,-0.385054688333333,0.408333333333333,12.0809166666667,11.85525,128.275775,-13.3719166666667,-3.134585,-0.515590666666667,0.1515,-0.292682446666667,0.265833333333333,12.0445,11.9706666666667,122.479033333333,-16.0138,-3.11751666666667,-0.370872666666667,0.0484166666666667,-0.2437387025,0.103333333333333,11.89525,11.8803333333333,128.143775,-13.4739333333333,-3.1641125,-0.58245425,0.330918272,-0.16168638425,0.185584938666667,-0.127269717583333,0.149168272,-0.0118530509166667,-8.17280000000089e-05,-0.10218638425,0.0153967233333333,-0.00503648058333333,0.0806485733333333,-0.0631022201666667,0.122312465,-0.0563938868333333,0.229622185833333,-0.0958262943333333,16237.5,0.608195,0.359861,0.059999,0.00933975
2014,"Gray whale",12,3.26666666666667,4,2.4,1.6,0.330833333333333,-0.482256466666667,0.538333333333333,12.22625,11.8208333333333,128.963783333333,-9.69774166666667,-2.9754375,-0.636951,0.271,-0.385054688333333,0.408333333333333,12.0809166666667,11.85525,128.275775,-13.3719166666667,-3.134585,-0.515590666666667,0.1515,-0.292682446666667,0.265833333333333,12.0445,11.9706666666667,122.479033333333,-16.0138,-3.11751666666667,-0.370872666666667,0.0484166666666667,-0.2437387025,0.103333333333333,11.89525,11.8803333333333,128.143775,-13.4739333333333,-3.1641125,-0.58245425,0.330918272,-0.16168638425,0.185584938666667,-0.127269717583333,0.149168272,-0.0118530509166667,-8.17280000000089e-05,-0.10218638425,0.0153967233333333,-0.00503648058333333,0.0806485733333333,-0.0631022201666667,0.122312465,-0.0563938868333333,0.229622185833333,-0.0958262943333333,16237.5,0.608195,0.359861,0.059999,0.00933975
2014,"Harbor porpoise",96,32.1333333333333,18,12.3571428571429,5.64285714285714,0.330833333333333,-0.482256466666667,0.538333333333333,12.22625,11.8208333333333,128.963783333333,-9.69774166666667,-2.9754375,-0.636951,0.271,-0.385054688333333,0.408333333333333,12.0809166666667,11.85525,128.275775,-13.3719166666667,-3.134585,-0.515590666666667,0.1515,-0.292682446666667,0.265833333333333,12.0445,11.9706666666667,122.479033333333,-16.0138,-3.11751666666667,-0.370872666666667,0.0484166666666667,-0.2437387025,0.103333333333333,11.89525,11.8803333333333,128.143775,-13.4739333333333,-3.1641125,-0.58245425,0.330918272,-0.16168638425,0.185584938666667,-0.127269717583333,0.149168272,-0.0118530509166667,-8.17280000000089e-05,-0.10218638425,0.0153967233333333,-0.00503648058333333,0.0806485733333333,-0.0631022201666667,0.122312465,-0.0563938868333333,0.229622185833333,-0.0958262943333333,16237.5,0.608195,0.359861,0.059999,0.00933975
2014,"Humpback whale",4,1.07692307692308,2,1.71428571428571,0.285714285714286,0.330833333333333,-0.482256466666667,0.538333333333333,12.22625,11.8208333333333,128.963783333333,-9.69774166666667,-2.9754375,-0.636951,0.271,-0.385054688333333,0.408333333333333,12.0809166666667,11.85525,128.275775,-13.3719166666667,-3.134585,-0.515590666666667,0.1515,-0.292682446666667,0.265833333333333,12.0445,11.9706666666667,122.479033333333,-16.0138,-3.11751666666667,-0.370872666666667,0.0484166666666667,-0.2437387025,0.103333333333333,11.89525,11.8803333333333,128.143775,-13.4739333333333,-3.1641125,-0.58245425,0.330918272,-0.16168638425,0.185584938666667,-0.127269717583333,0.149168272,-0.0118530509166667,-8.17280000000089e-05,-0.10218638425,0.0153967233333333,-0.00503648058333333,0.0806485733333333,-0.0631022201666667,0.122312465,-0.0563938868333333,0.229622185833333,-0.0958262943333333,16237.5,0.608195,0.359861,0.059999,0.00933975
2014,"Minke whale",1,0,1,1,0,0.330833333333333,-0.482256466666667,0.538333333333333,12.22625,11.8208333333333,128.963783333333,-9.69774166666667,-2.9754375,-0.636951,0.271,-0.385054688333333,0.408333333333333,12.0809166666667,11.85525,128.275775,-13.3719166666667,-3.134585,-0.515590666666667,0.1515,-0.292682446666667,0.265833333333333,12.0445,11.9706666666667,122.479033333333,-16.0138,-3.11751666666667,-0.370872666666667,0.0484166666666667,-0.2437387025,0.103333333333333,11.89525,11.8803333333333,128.143775,-13.4739333333333,-3.1641125,-0.58245425,0.330918272,-0.16168638425,0.185584938666667,-0.127269717583333,0.149168272,-0.0118530509166667,-8.17280000000089e-05,-0.10218638425,0.0153967233333333,-0.00503648058333333,0.0806485733333333,-0.0631022201666667,0.122312465,-0.0563938868333333,0.229622185833333,-0.0958262943333333,16237.5,0.608195,0.359861,0.059999,0.00933975
2014,"Pacific white-sided dolphin",3,0.769230769230769,1,1.2,-0.2,0.330833333333333,-0.482256466666667,0.538333333333333,12.22625,11.8208333333333,128.963783333333,-9.69774166666667,-2.9754375,-0.636951,0.271,-0.385054688333333,0.408333333333333,12.0809166666667,11.85525,128.275775,-13.3719166666667,-3.134585,-0.515590666666667,0.1515,-0.292682446666667,0.265833333333333,12.0445,11.9706666666667,122.479033333333,-16.0138,-3.11751666666667,-0.370872666666667,0.0484166666666667,-0.2437387025,0.103333333333333,11.89525,11.8803333333333,128.143775,-13.4739333333333,-3.1641125,-0.58245425,0.330918272,-0.16168638425,0.185584938666667,-0.127269717583333,0.149168272,-0.0118530509166667,-8.17280000000089e-05,-0.10218638425,0.0153967233333333,-0.00503648058333333,0.0806485733333333,-0.0631022201666667,0.122312465,-0.0563938868333333,0.229622185833333,-0.0958262943333333,16237.5,0.608195,0.359861,0.059999,0.00933975
2014,"Short-beaked common dolphin",3,1.375,1,1,0,0.330833333333333,-0.482256466666667,0.538333333333333,12.22625,11.8208333333333,128.963783333333,-9.69774166666667,-2.9754375,-0.636951,0.271,-0.385054688333333,0.408333333333333,12.0809166666667,11.85525,128.275775,-13.3719166666667,-3.134585,-0.515590666666667,0.1515,-0.292682446666667,0.265833333333333,12.0445,11.9706666666667,122.479033333333,-16.0138,-3.11751666666667,-0.370872666666667,0.0484166666666667,-0.2437387025,0.103333333333333,11.89525,11.8803333333333,128.143775,-13.4739333333333,-3.1641125,-0.58245425,0.330918272,-0.16168638425,0.185584938666667,-0.127269717583333,0.149168272,-0.0118530509166667,-8.17280000000089e-05,-0.10218638425,0.0153967233333333,-0.00503648058333333,0.0806485733333333,-0.0631022201666667,0.122312465,-0.0563938868333333,0.229622185833333,-0.0958262943333333,16237.5,0.608195,0.359861,0.059999,0.00933975
2014,"Striped dolphin",7,2.27272727272727,1,1.5,-0.5,0.330833333333333,-0.482256466666667,0.538333333333333,12.22625,11.8208333333333,128.963783333333,-9.69774166666667,-2.9754375,-0.636951,0.271,-0.385054688333333,0.408333333333333,12.0809166666667,11.85525,128.275775,-13.3719166666667,-3.134585,-0.515590666666667,0.1515,-0.292682446666667,0.265833333333333,12.0445,11.9706666666667,122.479033333333,-16.0138,-3.11751666666667,-0.370872666666667,0.0484166666666667,-0.2437387025,0.103333333333333,11.89525,11.8803333333333,128.143775,-13.4739333333333,-3.1641125,-0.58245425,0.330918272,-0.16168638425,0.185584938666667,-0.127269717583333,0.149168272,-0.0118530509166667,-8.17280000000089e-05,-0.10218638425,0.0153967233333333,-0.00503648058333333,0.0806485733333333,-0.0631022201666667,0.122312465,-0.0563938868333333,0.229622185833333,-0.0958262943333333,16237.5,0.608195,0.359861,0.059999,0.00933975
2014,"Unidentified",3,-1.2,1,1,0,0.330833333333333,-0.482256466666667,0.538333333333333,12.22625,11.8208333333333,128.963783333333,-9.69774166666667,-2.9754375,-0.636951,0.271,-0.385054688333333,0.408333333333333,12.0809166666667,11.85525,128.275775,-13.3719166666667,-3.134585,-0.515590666666667,0.1515,-0.292682446666667,0.265833333333333,12.0445,11.9706666666667,122.479033333333,-16.0138,-3.11751666666667,-0.370872666666667,0.0484166666666667,-0.2437387025,0.103333333333333,11.89525,11.8803333333333,128.143775,-13.4739333333333,-3.1641125,-0.58245425,0.330918272,-0.16168638425,0.185584938666667,-0.127269717583333,0.149168272,-0.0118530509166667,-8.17280000000089e-05,-0.10218638425,0.0153967233333333,-0.00503648058333333,0.0806485733333333,-0.0631022201666667,0.122312465,-0.0563938868333333,0.229622185833333,-0.0958262943333333,16237.5,0.608195,0.359861,0.059999,0.00933975
2015,"Bairds beaked whale",1,-0.25,1,1,0,1.11181818181818,-0.874348925454545,1.82272727272727,13.275875,13.1311818181818,72.6989272727273,-21.0432181818182,-2.175825,-2.43703,0.949909090909091,-0.769865765454545,1.77909090909091,13.5402222222222,13.2235454545455,72.7023363636364,-22.4696181818182,-1.99142666666667,-2.12054116666667,0.859545454545455,-0.68543882,1.67272727272727,13.511,12.918,77.5516636363636,-21.8207909090909,-2.08432444444444,-2.10982083333333,0.753818181818182,-0.584101760909091,1.59636363636364,13.6624444444444,12.9458181818182,75.5003545454545,-23.3402818181818,-2.00823444444444,-1.820736,1.52158636625,1.29630493618182,1.63244121444444,1.35159419236364,1.534598018,1.09203220890909,1.59382139966667,1.11862725027273,-0.696741776909091,0.415795531818182,-0.641677122363636,0.417432400454545,-0.595026480545454,0.389814011363636,-0.593313562363636,0.347094611363636,16587.2727272727,0.544955,0.0921354,0.0154068,0.00302598
2015,"Gray whale",5,-3.73333333333333,2,2.4,-0.4,1.11181818181818,-0.874348925454545,1.82272727272727,13.275875,13.1311818181818,72.6989272727273,-21.0432181818182,-2.175825,-2.43703,0.949909090909091,-0.769865765454545,1.77909090909091,13.5402222222222,13.2235454545455,72.7023363636364,-22.4696181818182,-1.99142666666667,-2.12054116666667,0.859545454545455,-0.68543882,1.67272727272727,13.511,12.918,77.5516636363636,-21.8207909090909,-2.08432444444444,-2.10982083333333,0.753818181818182,-0.584101760909091,1.59636363636364,13.6624444444444,12.9458181818182,75.5003545454545,-23.3402818181818,-2.00823444444444,-1.820736,1.52158636625,1.29630493618182,1.63244121444444,1.35159419236364,1.534598018,1.09203220890909,1.59382139966667,1.11862725027273,-0.696741776909091,0.415795531818182,-0.641677122363636,0.417432400454545,-0.595026480545454,0.389814011363636,-0.593313562363636,0.347094611363636,16587.2727272727,0.544955,0.0921354,0.0154068,0.00302598
2015,"Harbor porpoise",74,10.1333333333333,20,12.3571428571429,7.64285714285714,1.11181818181818,-0.874348925454545,1.82272727272727,13.275875,13.1311818181818,72.6989272727273,-21.0432181818182,-2.175825,-2.43703,0.949909090909091,-0.769865765454545,1.77909090909091,13.5402222222222,13.2235454545455,72.7023363636364,-22.4696181818182,-1.99142666666667,-2.12054116666667,0.859545454545455,-0.68543882,1.67272727272727,13.511,12.918,77.5516636363636,-21.8207909090909,-2.08432444444444,-2.10982083333333,0.753818181818182,-0.584101760909091,1.59636363636364,13.6624444444444,12.9458181818182,75.5003545454545,-23.3402818181818,-2.00823444444444,-1.820736,1.52158636625,1.29630493618182,1.63244121444444,1.35159419236364,1.534598018,1.09203220890909,1.59382139966667,1.11862725027273,-0.696741776909091,0.415795531818182,-0.641677122363636,0.417432400454545,-0.595026480545454,0.389814011363636,-0.593313562363636,0.347094611363636,16587.2727272727,0.544955,0.0921354,0.0154068,0.00302598
2015,"Humpback whale",4,1.07692307692308,2,1.71428571428571,0.285714285714286,1.11181818181818,-0.874348925454545,1.82272727272727,13.275875,13.1311818181818,72.6989272727273,-21.0432181818182,-2.175825,-2.43703,0.949909090909091,-0.769865765454545,1.77909090909091,13.5402222222222,13.2235454545455,72.7023363636364,-22.4696181818182,-1.99142666666667,-2.12054116666667,0.859545454545455,-0.68543882,1.67272727272727,13.511,12.918,77.5516636363636,-21.8207909090909,-2.08432444444444,-2.10982083333333,0.753818181818182,-0.584101760909091,1.59636363636364,13.6624444444444,12.9458181818182,75.5003545454545,-23.3402818181818,-2.00823444444444,-1.820736,1.52158636625,1.29630493618182,1.63244121444444,1.35159419236364,1.534598018,1.09203220890909,1.59382139966667,1.11862725027273,-0.696741776909091,0.415795531818182,-0.641677122363636,0.417432400454545,-0.595026480545454,0.389814011363636,-0.593313562363636,0.347094611363636,16587.2727272727,0.544955,0.0921354,0.0154068,0.00302598
2015,"Killer whale",1,-0.444444444444444,1,1,0,1.11181818181818,-0.874348925454545,1.82272727272727,13.275875,13.1311818181818,72.6989272727273,-21.0432181818182,-2.175825,-2.43703,0.949909090909091,-0.769865765454545,1.77909090909091,13.5402222222222,13.2235454545455,72.7023363636364,-22.4696181818182,-1.99142666666667,-2.12054116666667,0.859545454545455,-0.68543882,1.67272727272727,13.511,12.918,77.5516636363636,-21.8207909090909,-2.08432444444444,-2.10982083333333,0.753818181818182,-0.584101760909091,1.59636363636364,13.6624444444444,12.9458181818182,75.5003545454545,-23.3402818181818,-2.00823444444444,-1.820736,1.52158636625,1.29630493618182,1.63244121444444,1.35159419236364,1.534598018,1.09203220890909,1.59382139966667,1.11862725027273,-0.696741776909091,0.415795531818182,-0.641677122363636,0.417432400454545,-0.595026480545454,0.389814011363636,-0.593313562363636,0.347094611363636,16587.2727272727,0.544955,0.0921354,0.0154068,0.00302598
2015,"Striped dolphin",6,1.27272727272727,1,1.5,-0.5,1.11181818181818,-0.874348925454545,1.82272727272727,13.275875,13.1311818181818,72.6989272727273,-21.0432181818182,-2.175825,-2.43703,0.949909090909091,-0.769865765454545,1.77909090909091,13.5402222222222,13.2235454545455,72.7023363636364,-22.4696181818182,-1.99142666666667,-2.12054116666667,0.859545454545455,-0.68543882,1.67272727272727,13.511,12.918,77.5516636363636,-21.8207909090909,-2.08432444444444,-2.10982083333333,0.753818181818182,-0.584101760909091,1.59636363636364,13.6624444444444,12.9458181818182,75.5003545454545,-23.3402818181818,-2.00823444444444,-1.820736,1.52158636625,1.29630493618182,1.63244121444444,1.35159419236364,1.534598018,1.09203220890909,1.59382139966667,1.11862725027273,-0.696741776909091,0.415795531818182,-0.641677122363636,0.417432400454545,-0.595026480545454,0.389814011363636,-0.593313562363636,0.347094611363636,16587.2727272727,0.544955,0.0921354,0.0154068,0.00302598
2016,"Blainvilles beaked whale",2,0,1,1,0,1.5095,-0.44498154075,1.52,12.9527777777778,13.03525,95.9635916666667,-50.3818333333333,-1.99620833333333,0.571648636363636,1.72875,-0.547502952416667,1.64416666666667,12.9527777777778,13.138,92.7047583333333,-50.394975,-1.78068727272727,0.601261909090909,1.91133333333333,-0.680062574916667,1.73083333333333,12.9527777777778,13.3040833333333,85.2058333333333,-52.4451166666667,-1.756471,0.690029,2.04766666666667,-0.802112944166667,1.78,13.0446,13.3016666666667,71.8824666666667,-51.8786833333333,-1.462526,0.866958636363636,1.26067412911111,1.05273028241667,1.26067412911111,1.15548028241667,1.26067412911111,1.32156361575,1.3336197597,1.31914694908333,-1.03562427857143,0.495861685714286,-1.05213786875,0.4801671975,-1.06242209444444,0.429335605555556,-1.070004705,0.426177569,16968.3333333333,0.450263,0.0479869,0.0265565,0.0138274
2016,"Dalls porpoise",3,-2.35714285714286,1,1.5,-0.5,1.5095,-0.44498154075,1.52,12.9527777777778,13.03525,95.9635916666667,-50.3818333333333,-1.99620833333333,0.571648636363636,1.72875,-0.547502952416667,1.64416666666667,12.9527777777778,13.138,92.7047583333333,-50.394975,-1.78068727272727,0.601261909090909,1.91133333333333,-0.680062574916667,1.73083333333333,12.9527777777778,13.3040833333333,85.2058333333333,-52.4451166666667,-1.756471,0.690029,2.04766666666667,-0.802112944166667,1.78,13.0446,13.3016666666667,71.8824666666667,-51.8786833333333,-1.462526,0.866958636363636,1.26067412911111,1.05273028241667,1.26067412911111,1.15548028241667,1.26067412911111,1.32156361575,1.3336197597,1.31914694908333,-1.03562427857143,0.495861685714286,-1.05213786875,0.4801671975,-1.06242209444444,0.429335605555556,-1.070004705,0.426177569,16968.3333333333,0.450263,0.0479869,0.0265565,0.0138274
2016,"Gray whale",7,-1.73333333333333,1,2.4,-1.4,1.5095,-0.44498154075,1.52,12.9527777777778,13.03525,95.9635916666667,-50.3818333333333,-1.99620833333333,0.571648636363636,1.72875,-0.547502952416667,1.64416666666667,12.9527777777778,13.138,92.7047583333333,-50.394975,-1.78068727272727,0.601261909090909,1.91133333333333,-0.680062574916667,1.73083333333333,12.9527777777778,13.3040833333333,85.2058333333333,-52.4451166666667,-1.756471,0.690029,2.04766666666667,-0.802112944166667,1.78,13.0446,13.3016666666667,71.8824666666667,-51.8786833333333,-1.462526,0.866958636363636,1.26067412911111,1.05273028241667,1.26067412911111,1.15548028241667,1.26067412911111,1.32156361575,1.3336197597,1.31914694908333,-1.03562427857143,0.495861685714286,-1.05213786875,0.4801671975,-1.06242209444444,0.429335605555556,-1.070004705,0.426177569,16968.3333333333,0.450263,0.0479869,0.0265565,0.0138274
2016,"Harbor porpoise",69,5.13333333333333,10,12.3571428571429,-2.35714285714286,1.5095,-0.44498154075,1.52,12.9527777777778,13.03525,95.9635916666667,-50.3818333333333,-1.99620833333333,0.571648636363636,1.72875,-0.547502952416667,1.64416666666667,12.9527777777778,13.138,92.7047583333333,-50.394975,-1.78068727272727,0.601261909090909,1.91133333333333,-0.680062574916667,1.73083333333333,12.9527777777778,13.3040833333333,85.2058333333333,-52.4451166666667,-1.756471,0.690029,2.04766666666667,-0.802112944166667,1.78,13.0446,13.3016666666667,71.8824666666667,-51.8786833333333,-1.462526,0.866958636363636,1.26067412911111,1.05273028241667,1.26067412911111,1.15548028241667,1.26067412911111,1.32156361575,1.3336197597,1.31914694908333,-1.03562427857143,0.495861685714286,-1.05213786875,0.4801671975,-1.06242209444444,0.429335605555556,-1.070004705,0.426177569,16968.3333333333,0.450263,0.0479869,0.0265565,0.0138274
2016,"Humpback whale",6,3.07692307692308,2,1.71428571428571,0.285714285714286,1.5095,-0.44498154075,1.52,12.9527777777778,13.03525,95.9635916666667,-50.3818333333333,-1.99620833333333,0.571648636363636,1.72875,-0.547502952416667,1.64416666666667,12.9527777777778,13.138,92.7047583333333,-50.394975,-1.78068727272727,0.601261909090909,1.91133333333333,-0.680062574916667,1.73083333333333,12.9527777777778,13.3040833333333,85.2058333333333,-52.4451166666667,-1.756471,0.690029,2.04766666666667,-0.802112944166667,1.78,13.0446,13.3016666666667,71.8824666666667,-51.8786833333333,-1.462526,0.866958636363636,1.26067412911111,1.05273028241667,1.26067412911111,1.15548028241667,1.26067412911111,1.32156361575,1.3336197597,1.31914694908333,-1.03562427857143,0.495861685714286,-1.05213786875,0.4801671975,-1.06242209444444,0.429335605555556,-1.070004705,0.426177569,16968.3333333333,0.450263,0.0479869,0.0265565,0.0138274
2016,"Northern right whale dolphin",2,0.875,1,1,0,1.5095,-0.44498154075,1.52,12.9527777777778,13.03525,95.9635916666667,-50.3818333333333,-1.99620833333333,0.571648636363636,1.72875,-0.547502952416667,1.64416666666667,12.9527777777778,13.138,92.7047583333333,-50.394975,-1.78068727272727,0.601261909090909,1.91133333333333,-0.680062574916667,1.73083333333333,12.9527777777778,13.3040833333333,85.2058333333333,-52.4451166666667,-1.756471,0.690029,2.04766666666667,-0.802112944166667,1.78,13.0446,13.3016666666667,71.8824666666667,-51.8786833333333,-1.462526,0.866958636363636,1.26067412911111,1.05273028241667,1.26067412911111,1.15548028241667,1.26067412911111,1.32156361575,1.3336197597,1.31914694908333,-1.03562427857143,0.495861685714286,-1.05213786875,0.4801671975,-1.06242209444444,0.429335605555556,-1.070004705,0.426177569,16968.3333333333,0.450263,0.0479869,0.0265565,0.0138274
2016,"Pacific white-sided dolphin",3,0.769230769230769,1,1.2,-0.2,1.5095,-0.44498154075,1.52,12.9527777777778,13.03525,95.9635916666667,-50.3818333333333,-1.99620833333333,0.571648636363636,1.72875,-0.547502952416667,1.64416666666667,12.9527777777778,13.138,92.7047583333333,-50.394975,-1.78068727272727,0.601261909090909,1.91133333333333,-0.680062574916667,1.73083333333333,12.9527777777778,13.3040833333333,85.2058333333333,-52.4451166666667,-1.756471,0.690029,2.04766666666667,-0.802112944166667,1.78,13.0446,13.3016666666667,71.8824666666667,-51.8786833333333,-1.462526,0.866958636363636,1.26067412911111,1.05273028241667,1.26067412911111,1.15548028241667,1.26067412911111,1.32156361575,1.3336197597,1.31914694908333,-1.03562427857143,0.495861685714286,-1.05213786875,0.4801671975,-1.06242209444444,0.429335605555556,-1.070004705,0.426177569,16968.3333333333,0.450263,0.0479869,0.0265565,0.0138274
2016,"Striped dolphin",14,9.27272727272727,3,1.5,1.5,1.5095,-0.44498154075,1.52,12.9527777777778,13.03525,95.9635916666667,-50.3818333333333,-1.99620833333333,0.571648636363636,1.72875,-0.547502952416667,1.64416666666667,12.9527777777778,13.138,92.7047583333333,-50.394975,-1.78068727272727,0.601261909090909,1.91133333333333,-0.680062574916667,1.73083333333333,12.9527777777778,13.3040833333333,85.2058333333333,-52.4451166666667,-1.756471,0.690029,2.04766666666667,-0.802112944166667,1.78,13.0446,13.3016666666667,71.8824666666667,-51.8786833333333,-1.462526,0.866958636363636,1.26067412911111,1.05273028241667,1.26067412911111,1.15548028241667,1.26067412911111,1.32156361575,1.3336197597,1.31914694908333,-1.03562427857143,0.495861685714286,-1.05213786875,0.4801671975,-1.06242209444444,0.429335605555556,-1.070004705,0.426177569,16968.3333333333,0.450263,0.0479869,0.0265565,0.0138274
2017,"Dalls porpoise",3,-2.35714285714286,2,1.5,0.5,-0.2955,0.713311076,1.22,NA,13.853,-47.02915,-163.1884,0.996015,6.233272,-0.24,-0.410188604,0.505,NA,13.8805,64.77355,-77.94625,-1.43495,1.985068,0.037,-0.606151845,0.485,NA,13.355,180.4739,32.85115,-3.194895,-2.7590545,0.2435,-0.1744294495,0.885,NA,13.876,236.79415,40.67355,-3.382795,-3.8863335,NA,1.410259964,NA,0.619943676,NA,-0.047681818,NA,0.424318182,NA,NA,NA,NA,NA,NA,NA,NA,17182.5,0.357637,0.0151836,0.0400024,0.00226169
2017,"Fin whale",1,-0.8,1,1.5,-0.5,-0.2955,0.713311076,1.22,NA,13.853,-47.02915,-163.1884,0.996015,6.233272,-0.24,-0.410188604,0.505,NA,13.8805,64.77355,-77.94625,-1.43495,1.985068,0.037,-0.606151845,0.485,NA,13.355,180.4739,32.85115,-3.194895,-2.7590545,0.2435,-0.1744294495,0.885,NA,13.876,236.79415,40.67355,-3.382795,-3.8863335,NA,1.410259964,NA,0.619943676,NA,-0.047681818,NA,0.424318182,NA,NA,NA,NA,NA,NA,NA,NA,17182.5,0.357637,0.0151836,0.0400024,0.00226169
2017,"Gray whale",13,4.26666666666667,4,2.4,1.6,-0.2955,0.713311076,1.22,NA,13.853,-47.02915,-163.1884,0.996015,6.233272,-0.24,-0.410188604,0.505,NA,13.8805,64.77355,-77.94625,-1.43495,1.985068,0.037,-0.606151845,0.485,NA,13.355,180.4739,32.85115,-3.194895,-2.7590545,0.2435,-0.1744294495,0.885,NA,13.876,236.79415,40.67355,-3.382795,-3.8863335,NA,1.410259964,NA,0.619943676,NA,-0.047681818,NA,0.424318182,NA,NA,NA,NA,NA,NA,NA,NA,17182.5,0.357637,0.0151836,0.0400024,0.00226169
2017,"Harbor porpoise",55,-8.86666666666667,19,12.3571428571429,6.64285714285714,-0.2955,0.713311076,1.22,NA,13.853,-47.02915,-163.1884,0.996015,6.233272,-0.24,-0.410188604,0.505,NA,13.8805,64.77355,-77.94625,-1.43495,1.985068,0.037,-0.606151845,0.485,NA,13.355,180.4739,32.85115,-3.194895,-2.7590545,0.2435,-0.1744294495,0.885,NA,13.876,236.79415,40.67355,-3.382795,-3.8863335,NA,1.410259964,NA,0.619943676,NA,-0.047681818,NA,0.424318182,NA,NA,NA,NA,NA,NA,NA,NA,17182.5,0.357637,0.0151836,0.0400024,0.00226169
2017,"Minke whale",1,0,1,1,0,-0.2955,0.713311076,1.22,NA,13.853,-47.02915,-163.1884,0.996015,6.233272,-0.24,-0.410188604,0.505,NA,13.8805,64.77355,-77.94625,-1.43495,1.985068,0.037,-0.606151845,0.485,NA,13.355,180.4739,32.85115,-3.194895,-2.7590545,0.2435,-0.1744294495,0.885,NA,13.876,236.79415,40.67355,-3.382795,-3.8863335,NA,1.410259964,NA,0.619943676,NA,-0.047681818,NA,0.424318182,NA,NA,NA,NA,NA,NA,NA,NA,17182.5,0.357637,0.0151836,0.0400024,0.00226169
2017,"Pacific white-sided dolphin",5,2.76923076923077,2,1.2,0.8,-0.2955,0.713311076,1.22,NA,13.853,-47.02915,-163.1884,0.996015,6.233272,-0.24,-0.410188604,0.505,NA,13.8805,64.77355,-77.94625,-1.43495,1.985068,0.037,-0.606151845,0.485,NA,13.355,180.4739,32.85115,-3.194895,-2.7590545,0.2435,-0.1744294495,0.885,NA,13.876,236.79415,40.67355,-3.382795,-3.8863335,NA,1.410259964,NA,0.619943676,NA,-0.047681818,NA,0.424318182,NA,NA,NA,NA,NA,NA,NA,NA,17182.5,0.357637,0.0151836,0.0400024,0.00226169
2017,"Sperm whale",2,0.583333333333333,2,1.25,0.75,-0.2955,0.713311076,1.22,NA,13.853,-47.02915,-163.1884,0.996015,6.233272,-0.24,-0.410188604,0.505,NA,13.8805,64.77355,-77.94625,-1.43495,1.985068,0.037,-0.606151845,0.485,NA,13.355,180.4739,32.85115,-3.194895,-2.7590545,0.2435,-0.1744294495,0.885,NA,13.876,236.79415,40.67355,-3.382795,-3.8863335,NA,1.410259964,NA,0.619943676,NA,-0.047681818,NA,0.424318182,NA,NA,NA,NA,NA,NA,NA,NA,17182.5,0.357637,0.0151836,0.0400024,0.00226169
2017,"Striped dolphin",8,3.27272727272727,2,1.5,0.5,-0.2955,0.713311076,1.22,NA,13.853,-47.02915,-163.1884,0.996015,6.233272,-0.24,-0.410188604,0.505,NA,13.8805,64.77355,-77.94625,-1.43495,1.985068,0.037,-0.606151845,0.485,NA,13.355,180.4739,32.85115,-3.194895,-2.7590545,0.2435,-0.1744294495,0.885,NA,13.876,236.79415,40.67355,-3.382795,-3.8863335,NA,1.410259964,NA,0.619943676,NA,-0.047681818,NA,0.424318182,NA,NA,NA,NA,NA,NA,NA,NA,17182.5,0.357637,0.0151836,0.0400024,0.00226169
2017,"Unidentified",5,0.8,1,1,0,-0.2955,0.713311076,1.22,NA,13.853,-47.02915,-163.1884,0.996015,6.233272,-0.24,-0.410188604,0.505,NA,13.8805,64.77355,-77.94625,-1.43495,1.985068,0.037,-0.606151845,0.485,NA,13.355,180.4739,32.85115,-3.194895,-2.7590545,0.2435,-0.1744294495,0.885,NA,13.876,236.79415,40.67355,-3.382795,-3.8863335,NA,1.410259964,NA,0.619943676,NA,-0.047681818,NA,0.424318182,NA,NA,NA,NA,NA,NA,NA,NA,17182.5,0.357637,0.0151836,0.0400024,0.00226169
